[
  {
    "id": 1,
    "username": "admin",
    "firstname": "Ad",
    "lastname": "Minister",
    "email": "admin@mail.com",
    "password": "$2b$10$lLm5Lp40uBR9CUrZn58CdOl8yu5Gp2umAO.6ly.vWcZ0a0vUKsHiC",
    "avatar": "https://cloudflare-ipfs.com/ipfs/Qmd3W5DuhgHirLHGVixi6V76LhCkZUz6pnFt5AJBiyvHye/avatar/762.jpg",
    "userLevel": 4,
    "createdAt": 1670165980638
  },
  {
    "id": 2,
    "username": "Hal_Kihn71",
    "firstname": "Jessie",
    "lastname": "Lesch",
    "email": "Everette81@hotmail.com",
    "password": "$2b$10$xnVz4CopNmo4.1kn61axSertJHENHcL3YuwaOHkI0cERlCgHBgXuC",
    "avatar": "https://cloudflare-ipfs.com/ipfs/Qmd3W5DuhgHirLHGVixi6V76LhCkZUz6pnFt5AJBiyvHye/avatar/1016.jpg",
    "userLevel": 4,
    "createdAt": 1670165980693
  },
  {
    "id": 3,
    "username": "Ahmad_Pouros",
    "firstname": "Nakia",
    "lastname": "Stroman",
    "email": "Jesse_Zieme@gmail.com",
    "password": "$2b$10$XCjSY/u26yOlWl5IDB/F7u06n/K9X4LCP7Aj0mnRCHfdzy/C1iXxK",
    "avatar": "https://cloudflare-ipfs.com/ipfs/Qmd3W5DuhgHirLHGVixi6V76LhCkZUz6pnFt5AJBiyvHye/avatar/355.jpg",
    "userLevel": 2,
    "createdAt": 1670165980747
  },
  {
    "id": 4,
    "username": "Herbert72",
    "firstname": "Delilah",
    "lastname": "Feeney",
    "email": "Jessyca69@yahoo.com",
    "password": "$2b$10$Nzddo1CyeiX/fbR155gLbuxnXRN/I0TZGnwryuwxILZ9Vv2pfrU5O",
    "avatar": "https://cloudflare-ipfs.com/ipfs/Qmd3W5DuhgHirLHGVixi6V76LhCkZUz6pnFt5AJBiyvHye/avatar/855.jpg",
    "userLevel": 4,
    "createdAt": 1670165980808
  },
  {
    "id": 5,
    "username": "Monserrat4",
    "firstname": "Geoffrey",
    "lastname": "Senger",
    "email": "Demarcus_Lakin30@yahoo.com",
    "password": "$2b$10$j39DwXUyjknu3v.V3q8lHOtSWWwoPo/GF0pOCgpLzDzwEPivZkhiy",
    "avatar": "https://cloudflare-ipfs.com/ipfs/Qmd3W5DuhgHirLHGVixi6V76LhCkZUz6pnFt5AJBiyvHye/avatar/836.jpg",
    "userLevel": 1,
    "createdAt": 1670165980868
  },
  {
    "id": 6,
    "username": "Audreanne_Schimmel",
    "firstname": "Domenica",
    "lastname": "Pfeffer",
    "email": "Lyda2@hotmail.com",
    "password": "$2b$10$cwvAVPq37S0/O5/6yt6rl.God5envfo8c83SlaIfCB8juymt8XHEu",
    "avatar": "https://cloudflare-ipfs.com/ipfs/Qmd3W5DuhgHirLHGVixi6V76LhCkZUz6pnFt5AJBiyvHye/avatar/257.jpg",
    "userLevel": 4,
    "createdAt": 1670165980923
  },
  {
    "id": 7,
    "username": "Loyal.Fahey",
    "firstname": "Russell",
    "lastname": "Gerlach",
    "email": "Tomasa_Gusikowski@yahoo.com",
    "password": "$2b$10$tovig6i67.hM1BSFofxeguzgwKKps5CmA7YqYy3XZpQUYLm1Xv7Gy",
    "avatar": "https://cloudflare-ipfs.com/ipfs/Qmd3W5DuhgHirLHGVixi6V76LhCkZUz6pnFt5AJBiyvHye/avatar/810.jpg",
    "userLevel": 1,
    "createdAt": 1670165980978
  },
  {
    "id": 8,
    "username": "Dedric95",
    "firstname": "Tyrese",
    "lastname": "Ankunding",
    "email": "Tomasa_Boehm80@hotmail.com",
    "password": "$2b$10$SQh3.nXV.FYZtnVwNkhDieheTVzWFqQRtDZyxHZ26TrL5ky9iK5De",
    "avatar": "https://cloudflare-ipfs.com/ipfs/Qmd3W5DuhgHirLHGVixi6V76LhCkZUz6pnFt5AJBiyvHye/avatar/936.jpg",
    "userLevel": 3,
    "createdAt": 1670165981033
  },
  {
    "id": 9,
    "username": "Valentina96",
    "firstname": "Kelvin",
    "lastname": "Friesen",
    "email": "Jettie_Morissette@yahoo.com",
    "password": "$2b$10$RxA6Me8qwBrWGUCh8/VfrO5eaHVIMqoV66hPNBQARzgBDYZet7.Mu",
    "avatar": "https://cloudflare-ipfs.com/ipfs/Qmd3W5DuhgHirLHGVixi6V76LhCkZUz6pnFt5AJBiyvHye/avatar/1193.jpg",
    "userLevel": 1,
    "createdAt": 1670165981089
  },
  {
    "id": 10,
    "username": "Audreanne_Kemmer8",
    "firstname": "Haylie",
    "lastname": "Lubowitz",
    "email": "Josephine.Mayer@hotmail.com",
    "password": "$2b$10$is8r5E.rKiVSxeDn6bXNEuuOM4s2Lx9SXnL4Gg2xRNtwbk9NXTq8m",
    "avatar": "https://cloudflare-ipfs.com/ipfs/Qmd3W5DuhgHirLHGVixi6V76LhCkZUz6pnFt5AJBiyvHye/avatar/731.jpg",
    "userLevel": 4,
    "createdAt": 1670165981143
  },
  {
    "id": 11,
    "username": "Alessandra56",
    "firstname": "Cordelia",
    "lastname": "Kemmer",
    "email": "Wellington.Stroman16@hotmail.com",
    "password": "$2b$10$HwfocXD8ILiRCoUEkVuvAuwJe.6fnWNoX3st3mZL.XSzSSrnxQN1G",
    "avatar": "https://cloudflare-ipfs.com/ipfs/Qmd3W5DuhgHirLHGVixi6V76LhCkZUz6pnFt5AJBiyvHye/avatar/141.jpg",
    "userLevel": 2,
    "createdAt": 1670165981198
  },
  {
    "id": 12,
    "username": "Hillard.Boehm27",
    "firstname": "Alfonzo",
    "lastname": "Dooley",
    "email": "Kayleigh89@hotmail.com",
    "password": "$2b$10$.wY68d9aw4gvhRvZhZg2feNzdAKrPT1tckN.dwxTJbSLBwoFh.rQm",
    "avatar": "https://cloudflare-ipfs.com/ipfs/Qmd3W5DuhgHirLHGVixi6V76LhCkZUz6pnFt5AJBiyvHye/avatar/480.jpg",
    "userLevel": 1,
    "createdAt": 1670165981253
  },
  {
    "id": 13,
    "username": "Ressie_Pouros31",
    "firstname": "Gretchen",
    "lastname": "Gleason",
    "email": "Dejon.Walter69@hotmail.com",
    "password": "$2b$10$q5oF7rzCAbIydPJkwGj.xef2bG.zmGFpyJKbOm4.ijux0lh3JgDIO",
    "avatar": "https://cloudflare-ipfs.com/ipfs/Qmd3W5DuhgHirLHGVixi6V76LhCkZUz6pnFt5AJBiyvHye/avatar/818.jpg",
    "userLevel": 2,
    "createdAt": 1670165981308
  },
  {
    "id": 14,
    "username": "Yasmeen57",
    "firstname": "Eino",
    "lastname": "Franey",
    "email": "Brandt31@gmail.com",
    "password": "$2b$10$Yihs6zb9.d6jvjjzdYoBgOApvEIWhikpogDrDetQod/qa5g7gf4bm",
    "avatar": "https://cloudflare-ipfs.com/ipfs/Qmd3W5DuhgHirLHGVixi6V76LhCkZUz6pnFt5AJBiyvHye/avatar/615.jpg",
    "userLevel": 3,
    "createdAt": 1670165981362
  },
  {
    "id": 15,
    "username": "Alyce.Ledner",
    "firstname": "Madison",
    "lastname": "Berge",
    "email": "Jazlyn.Shields27@yahoo.com",
    "password": "$2b$10$UpNCPDJtroVlxrR.RDUrxOIFudrJjNi91nJ36uFLDl2phNhr1qI8u",
    "avatar": "https://cloudflare-ipfs.com/ipfs/Qmd3W5DuhgHirLHGVixi6V76LhCkZUz6pnFt5AJBiyvHye/avatar/848.jpg",
    "userLevel": 4,
    "createdAt": 1670165981417
  },
  {
    "id": 16,
    "username": "Madge.Becker",
    "firstname": "Gerard",
    "lastname": "Tillman",
    "email": "Barton19@yahoo.com",
    "password": "$2b$10$cgSp1XdfJn7ZgrStfLZJm.9zjSycJTFWdKkDvRd91eWTKyElSWi5G",
    "avatar": "https://cloudflare-ipfs.com/ipfs/Qmd3W5DuhgHirLHGVixi6V76LhCkZUz6pnFt5AJBiyvHye/avatar/443.jpg",
    "userLevel": 4,
    "createdAt": 1670165981472
  },
  {
    "id": 17,
    "username": "Chaz_Schmidt",
    "firstname": "Ernest",
    "lastname": "Abernathy",
    "email": "Lilla_Maggio@gmail.com",
    "password": "$2b$10$cxFVMDCiQju5chMmTmdhue5gsGVCwrWXcVegRC8VxGDGEpr3hZytK",
    "avatar": "https://cloudflare-ipfs.com/ipfs/Qmd3W5DuhgHirLHGVixi6V76LhCkZUz6pnFt5AJBiyvHye/avatar/511.jpg",
    "userLevel": 1,
    "createdAt": 1670165981527
  },
  {
    "id": 18,
    "username": "Carolanne_Kihn",
    "firstname": "Aiden",
    "lastname": "Altenwerth",
    "email": "Hudson80@yahoo.com",
    "password": "$2b$10$pElsV9T1BfnA3wNL66kqjeyA103Q7VmunVGFEvTLQDd6snIjZKWu2",
    "avatar": "https://cloudflare-ipfs.com/ipfs/Qmd3W5DuhgHirLHGVixi6V76LhCkZUz6pnFt5AJBiyvHye/avatar/431.jpg",
    "userLevel": 4,
    "createdAt": 1670165981582
  },
  {
    "id": 19,
    "username": "Levi.Schneider",
    "firstname": "Domenick",
    "lastname": "Olson",
    "email": "Velda.Konopelski34@gmail.com",
    "password": "$2b$10$OHAgTjxZa12IieVjT6sZM.RjdZuCAb1vCygOOq7/UZwCfFWaPho1W",
    "avatar": "https://cloudflare-ipfs.com/ipfs/Qmd3W5DuhgHirLHGVixi6V76LhCkZUz6pnFt5AJBiyvHye/avatar/1009.jpg",
    "userLevel": 2,
    "createdAt": 1670165981636
  },
  {
    "id": 20,
    "username": "Porter_Wilkinson62",
    "firstname": "Carlee",
    "lastname": "Hintz",
    "email": "Broderick26@hotmail.com",
    "password": "$2b$10$3iFRqHYFa6lAPpTCzgHIUOH5Dp0lTsgfsFhqpW0Sk9KawPT3Yeypy",
    "avatar": "https://cloudflare-ipfs.com/ipfs/Qmd3W5DuhgHirLHGVixi6V76LhCkZUz6pnFt5AJBiyvHye/avatar/80.jpg",
    "userLevel": 3,
    "createdAt": 1670165981691
  },
  {
    "id": 21,
    "username": "Melba_Pagac42",
    "firstname": "Marilie",
    "lastname": "Okuneva",
    "email": "Ayana_Kertzmann28@yahoo.com",
    "password": "$2b$10$/HKbqNPK.Pe8llHwEodofOvhKtGbXdpfeMGizncYRQDcdKmmxnIZm",
    "avatar": "https://cloudflare-ipfs.com/ipfs/Qmd3W5DuhgHirLHGVixi6V76LhCkZUz6pnFt5AJBiyvHye/avatar/863.jpg",
    "userLevel": 4,
    "createdAt": 1670165981746
  },
  {
    "id": 22,
    "username": "Althea_Gleichner",
    "firstname": "Johnny",
    "lastname": "Braun",
    "email": "Bennett_Price@hotmail.com",
    "password": "$2b$10$7ZFpEGQvfdaJMN7xScNNqO3Rpoy8HBrzPN1uE/EpwLb7bPe8mX3RS",
    "avatar": "https://cloudflare-ipfs.com/ipfs/Qmd3W5DuhgHirLHGVixi6V76LhCkZUz6pnFt5AJBiyvHye/avatar/393.jpg",
    "userLevel": 4,
    "createdAt": 1670165981800
  },
  {
    "id": 23,
    "username": "Jayce.Tremblay",
    "firstname": "Xzavier",
    "lastname": "Bradtke",
    "email": "Kaelyn_Hegmann3@hotmail.com",
    "password": "$2b$10$7OYtXjNRl/qKW2L1Vc.rCOOJcHJaYBT1OxN62TyRt42.FW6l5uSi6",
    "avatar": "https://cloudflare-ipfs.com/ipfs/Qmd3W5DuhgHirLHGVixi6V76LhCkZUz6pnFt5AJBiyvHye/avatar/922.jpg",
    "userLevel": 2,
    "createdAt": 1670165981855
  },
  {
    "id": 24,
    "username": "Wendy.Weimann61",
    "firstname": "Concepcion",
    "lastname": "Glover",
    "email": "Corrine.Tremblay@gmail.com",
    "password": "$2b$10$zmeJSQQtC.pgYU4zxs1h/..aJaq0z8RqTi6nToJQAahcfOHwKtfiq",
    "avatar": "https://cloudflare-ipfs.com/ipfs/Qmd3W5DuhgHirLHGVixi6V76LhCkZUz6pnFt5AJBiyvHye/avatar/784.jpg",
    "userLevel": 1,
    "createdAt": 1670165981910
  },
  {
    "id": 25,
    "username": "Delores44",
    "firstname": "John",
    "lastname": "Leannon",
    "email": "Rosalia8@hotmail.com",
    "password": "$2b$10$u1AyRDZcU0t55uXjP7UPA.G.jx7HMUftJwmsEAV3JR.kSbldjZ5dS",
    "avatar": "https://cloudflare-ipfs.com/ipfs/Qmd3W5DuhgHirLHGVixi6V76LhCkZUz6pnFt5AJBiyvHye/avatar/751.jpg",
    "userLevel": 4,
    "createdAt": 1670165981965
  },
  {
    "id": 26,
    "username": "Darren.Marvin18",
    "firstname": "Barrett",
    "lastname": "Boyer",
    "email": "Jazmyn.Sauer76@gmail.com",
    "password": "$2b$10$282cNC16iANY0mtutiZeIe5BK7/ly923V5hKZe0/inNbsgigAuVXC",
    "avatar": "https://cloudflare-ipfs.com/ipfs/Qmd3W5DuhgHirLHGVixi6V76LhCkZUz6pnFt5AJBiyvHye/avatar/910.jpg",
    "userLevel": 2,
    "createdAt": 1670165982019
  },
  {
    "id": 27,
    "username": "Aurelie.Bosco56",
    "firstname": "Dorian",
    "lastname": "Balistreri",
    "email": "Malvina29@hotmail.com",
    "password": "$2b$10$i8y48gJOfvrSU.SJKpzeO.lPOVGVU0J.WfphhtRbFUVK/LZxjUjnS",
    "avatar": "https://cloudflare-ipfs.com/ipfs/Qmd3W5DuhgHirLHGVixi6V76LhCkZUz6pnFt5AJBiyvHye/avatar/697.jpg",
    "userLevel": 4,
    "createdAt": 1670165982074
  },
  {
    "id": 28,
    "username": "Jailyn79",
    "firstname": "Dorothy",
    "lastname": "Predovic",
    "email": "Dereck_Collins75@yahoo.com",
    "password": "$2b$10$sU0rd0ZL7OUA5F4B9v0a2ucS8RQshRJfO25LRRebg.bSxxl/eLVC6",
    "avatar": "https://cloudflare-ipfs.com/ipfs/Qmd3W5DuhgHirLHGVixi6V76LhCkZUz6pnFt5AJBiyvHye/avatar/630.jpg",
    "userLevel": 3,
    "createdAt": 1670165982129
  },
  {
    "id": 29,
    "username": "Chelsie_Von",
    "firstname": "Kelsie",
    "lastname": "Morar",
    "email": "Sonya_Smith12@yahoo.com",
    "password": "$2b$10$o/ztGQnH2Q4oSGQfpdXKJeRiQz4LkAQIlRNcifL/AwZFGFHNUmNCS",
    "avatar": "https://cloudflare-ipfs.com/ipfs/Qmd3W5DuhgHirLHGVixi6V76LhCkZUz6pnFt5AJBiyvHye/avatar/379.jpg",
    "userLevel": 1,
    "createdAt": 1670165982183
  },
  {
    "id": 30,
    "username": "Maximillia_Langosh67",
    "firstname": "Myra",
    "lastname": "Cremin",
    "email": "Lenny70@yahoo.com",
    "password": "$2b$10$SPtqTvJyxd.78ZnutH1yeOJ.fO1mXb1T3NLlKHDxQedhWrXipCEei",
    "avatar": "https://cloudflare-ipfs.com/ipfs/Qmd3W5DuhgHirLHGVixi6V76LhCkZUz6pnFt5AJBiyvHye/avatar/563.jpg",
    "userLevel": 4,
    "createdAt": 1670165982238
  },
  {
    "id": 31,
    "username": "Shannon.Pacocha56",
    "firstname": "Alta",
    "lastname": "Jaskolski",
    "email": "Herminia27@hotmail.com",
    "password": "$2b$10$oU7TQFZM2nP2N9ztVcer2.1lN0heTnA4ZBJDz5.RsRcZow4fOTM2C",
    "avatar": "https://cloudflare-ipfs.com/ipfs/Qmd3W5DuhgHirLHGVixi6V76LhCkZUz6pnFt5AJBiyvHye/avatar/847.jpg",
    "userLevel": 4,
    "createdAt": 1670165982292
  },
  {
    "id": 32,
    "username": "Sandrine.Zemlak",
    "firstname": "Colton",
    "lastname": "Hoeger",
    "email": "Troy.Kunde@yahoo.com",
    "password": "$2b$10$/ibeIQResXoX4IJKMYskCuq94HVVwSgKkW8U58RQ0PerCxsoyQrg2",
    "avatar": "https://cloudflare-ipfs.com/ipfs/Qmd3W5DuhgHirLHGVixi6V76LhCkZUz6pnFt5AJBiyvHye/avatar/254.jpg",
    "userLevel": 1,
    "createdAt": 1670165982347
  },
  {
    "id": 33,
    "username": "Stefan_Langworth",
    "firstname": "Leonard",
    "lastname": "Hammes",
    "email": "Bobby.Pollich37@gmail.com",
    "password": "$2b$10$GadAPZ/QnUoQ301hJZXXIe369K4B4j3Bc1new70bJB9F1ij7Qb9my",
    "avatar": "https://cloudflare-ipfs.com/ipfs/Qmd3W5DuhgHirLHGVixi6V76LhCkZUz6pnFt5AJBiyvHye/avatar/198.jpg",
    "userLevel": 4,
    "createdAt": 1670165982402
  },
  {
    "id": 34,
    "username": "Reed84",
    "firstname": "Nina",
    "lastname": "Greenholt",
    "email": "Eddie.Bernhard@hotmail.com",
    "password": "$2b$10$YxS.iWrWgQ5EPj7Wheh9/.YdjHjZ1u0qdoAnSTLW9Vh67u7Dk1x1C",
    "avatar": "https://cloudflare-ipfs.com/ipfs/Qmd3W5DuhgHirLHGVixi6V76LhCkZUz6pnFt5AJBiyvHye/avatar/1031.jpg",
    "userLevel": 4,
    "createdAt": 1670165982458
  },
  {
    "id": 35,
    "username": "Eloy.Boyer74",
    "firstname": "Rosalia",
    "lastname": "McGlynn",
    "email": "Karl.Denesik@hotmail.com",
    "password": "$2b$10$pAYt/kXKKuwLu4DuQC8U9.qV9u6VnknEJh/qHQCHTXZ4XzxVTYpwy",
    "avatar": "https://cloudflare-ipfs.com/ipfs/Qmd3W5DuhgHirLHGVixi6V76LhCkZUz6pnFt5AJBiyvHye/avatar/817.jpg",
    "userLevel": 1,
    "createdAt": 1670165982514
  },
  {
    "id": 36,
    "username": "Antonio.Wehner",
    "firstname": "Tiana",
    "lastname": "Brakus",
    "email": "Maida.Breitenberg@yahoo.com",
    "password": "$2b$10$SKhlhlGApz3qh19q5YarmOqpnmjq70d9ADYlL15epLvEbySXvf3nm",
    "avatar": "https://cloudflare-ipfs.com/ipfs/Qmd3W5DuhgHirLHGVixi6V76LhCkZUz6pnFt5AJBiyvHye/avatar/541.jpg",
    "userLevel": 1,
    "createdAt": 1670165982570
  },
  {
    "id": 37,
    "username": "Raymond_Jerde34",
    "firstname": "Emerson",
    "lastname": "Keebler",
    "email": "Jedediah30@hotmail.com",
    "password": "$2b$10$xf52mBB3VovuytIiPEzb9OkDPMXAXbErxkMl8258VC.jSXfJYWbY6",
    "avatar": "https://cloudflare-ipfs.com/ipfs/Qmd3W5DuhgHirLHGVixi6V76LhCkZUz6pnFt5AJBiyvHye/avatar/1198.jpg",
    "userLevel": 4,
    "createdAt": 1670165982625
  },
  {
    "id": 38,
    "username": "Evan_Mohr",
    "firstname": "Henderson",
    "lastname": "Cartwright",
    "email": "Hilda_Olson@gmail.com",
    "password": "$2b$10$4spoTjCoFcvzhuPzayFCf.jgII8dICtLuZOuLUmW.jSrdZcIFWteK",
    "avatar": "https://cloudflare-ipfs.com/ipfs/Qmd3W5DuhgHirLHGVixi6V76LhCkZUz6pnFt5AJBiyvHye/avatar/1013.jpg",
    "userLevel": 1,
    "createdAt": 1670165982681
  },
  {
    "id": 39,
    "username": "Sunny_Reichert17",
    "firstname": "Fletcher",
    "lastname": "Corwin",
    "email": "Fabian_Labadie@hotmail.com",
    "password": "$2b$10$4pvEFHMXWhbyWvdd0AUFeeNwloMfzGrGtU07NG9ollV8ZMJziswNC",
    "avatar": "https://cloudflare-ipfs.com/ipfs/Qmd3W5DuhgHirLHGVixi6V76LhCkZUz6pnFt5AJBiyvHye/avatar/1046.jpg",
    "userLevel": 4,
    "createdAt": 1670165982737
  },
  {
    "id": 40,
    "username": "Bernita_Herzog",
    "firstname": "Rosemarie",
    "lastname": "Feil",
    "email": "Wendell_Watsica@gmail.com",
    "password": "$2b$10$PfhtBeKz7lYvV/A3eQ4wKeJiA.xvZtGj1Xk8rCnS2HPYnVG9/4MUa",
    "avatar": "https://cloudflare-ipfs.com/ipfs/Qmd3W5DuhgHirLHGVixi6V76LhCkZUz6pnFt5AJBiyvHye/avatar/1099.jpg",
    "userLevel": 3,
    "createdAt": 1670165982792
  },
  {
    "id": 41,
    "username": "Alfreda.Ondricka",
    "firstname": "Tyshawn",
    "lastname": "Sipes",
    "email": "Alexzander.OKeefe54@gmail.com",
    "password": "$2b$10$iswLv1iNDMfj3.dQgILIReTmqgr2gx5xOKizCDFaYuCtRFuMyQJQu",
    "avatar": "https://cloudflare-ipfs.com/ipfs/Qmd3W5DuhgHirLHGVixi6V76LhCkZUz6pnFt5AJBiyvHye/avatar/28.jpg",
    "userLevel": 3,
    "createdAt": 1670165982846
  },
  {
    "id": 42,
    "username": "Elton.Schiller97",
    "firstname": "Kody",
    "lastname": "Walsh",
    "email": "Margaretta.Kohler99@hotmail.com",
    "password": "$2b$10$j5sLgkp76Fi8CAQbkk13xuzjBYVae50Ev.dZ/bGrrclbSR9yEDgba",
    "avatar": "https://cloudflare-ipfs.com/ipfs/Qmd3W5DuhgHirLHGVixi6V76LhCkZUz6pnFt5AJBiyvHye/avatar/889.jpg",
    "userLevel": 3,
    "createdAt": 1670165982901
  },
  {
    "id": 43,
    "username": "Genoveva.Goldner7",
    "firstname": "Joyce",
    "lastname": "Schoen",
    "email": "Lia_Volkman@gmail.com",
    "password": "$2b$10$/1zqzgPTefryL81B0GiSlunO2klwOcOeU3/xEJqibHSM6CLFVbAie",
    "avatar": "https://cloudflare-ipfs.com/ipfs/Qmd3W5DuhgHirLHGVixi6V76LhCkZUz6pnFt5AJBiyvHye/avatar/654.jpg",
    "userLevel": 2,
    "createdAt": 1670165982956
  },
  {
    "id": 44,
    "username": "Rafaela_Dach15",
    "firstname": "Adell",
    "lastname": "Altenwerth",
    "email": "Era37@yahoo.com",
    "password": "$2b$10$4H6qBlc0/IpAFoZdfea1jeM2hCh9d3ii0Diog1YssQ8Fn199C7M22",
    "avatar": "https://cloudflare-ipfs.com/ipfs/Qmd3W5DuhgHirLHGVixi6V76LhCkZUz6pnFt5AJBiyvHye/avatar/945.jpg",
    "userLevel": 3,
    "createdAt": 1670165983011
  },
  {
    "id": 45,
    "username": "Orlando36",
    "firstname": "Branson",
    "lastname": "Nolan",
    "email": "Otha.DAmore68@yahoo.com",
    "password": "$2b$10$Y5oGa5UpywX/dGeWVc.U2uvqHyirJ.XszUluSkUbdiTc2XihpLmVi",
    "avatar": "https://cloudflare-ipfs.com/ipfs/Qmd3W5DuhgHirLHGVixi6V76LhCkZUz6pnFt5AJBiyvHye/avatar/871.jpg",
    "userLevel": 4,
    "createdAt": 1670165983066
  },
  {
    "id": 46,
    "username": "Alysa_Heidenreich",
    "firstname": "Noe",
    "lastname": "Crist",
    "email": "Pietro.Lebsack62@gmail.com",
    "password": "$2b$10$h0EhIuiyso8SmTQeF14P2.lQ6j5H31IBSb6ucE8K2RnkmIoaSqy5a",
    "avatar": "https://cloudflare-ipfs.com/ipfs/Qmd3W5DuhgHirLHGVixi6V76LhCkZUz6pnFt5AJBiyvHye/avatar/130.jpg",
    "userLevel": 2,
    "createdAt": 1670165983120
  },
  {
    "id": 47,
    "username": "Jackie.McCullough8",
    "firstname": "Freeda",
    "lastname": "Parisian",
    "email": "Arch.Koelpin8@yahoo.com",
    "password": "$2b$10$0C4xI4k5CeEuzTGIUVzbGuIbK7/NPWQsoUGATDzPoVTrNPEsbLz2m",
    "avatar": "https://cloudflare-ipfs.com/ipfs/Qmd3W5DuhgHirLHGVixi6V76LhCkZUz6pnFt5AJBiyvHye/avatar/1098.jpg",
    "userLevel": 1,
    "createdAt": 1670165983175
  },
  {
    "id": 48,
    "username": "Lew_Lesch",
    "firstname": "Kristin",
    "lastname": "Satterfield",
    "email": "Emery_Sporer91@yahoo.com",
    "password": "$2b$10$QNwJjNh3zYs8It1jz2o8feplCfmKPrxbHl5Wqja1yOVlHBV.91Z62",
    "avatar": "https://cloudflare-ipfs.com/ipfs/Qmd3W5DuhgHirLHGVixi6V76LhCkZUz6pnFt5AJBiyvHye/avatar/107.jpg",
    "userLevel": 4,
    "createdAt": 1670165983230
  },
  {
    "id": 49,
    "username": "Giuseppe.Abshire9",
    "firstname": "Vito",
    "lastname": "Hamill",
    "email": "Lottie.Macejkovic69@yahoo.com",
    "password": "$2b$10$Kqj56H2qL6kZowVyV7Sds.b/EXczjvhp8tioHoPDX7R6FEaSBGg6K",
    "avatar": "https://cloudflare-ipfs.com/ipfs/Qmd3W5DuhgHirLHGVixi6V76LhCkZUz6pnFt5AJBiyvHye/avatar/850.jpg",
    "userLevel": 2,
    "createdAt": 1670165983284
  },
  {
    "id": 50,
    "username": "Geovanny.Ernser",
    "firstname": "Reanna",
    "lastname": "Stehr",
    "email": "Sydney_Ruecker@hotmail.com",
    "password": "$2b$10$amGLNijcgMSKhptorOoSruJ8HNOMTQJ8JKdgLYjFdzW7FSn9AfXJO",
    "avatar": "https://cloudflare-ipfs.com/ipfs/Qmd3W5DuhgHirLHGVixi6V76LhCkZUz6pnFt5AJBiyvHye/avatar/1179.jpg",
    "userLevel": 2,
    "createdAt": 1670165983339
  },
  {
    "username": "heman",
    "password": "$2b$10$d5/tgZQ8cHTmPEelm42A6eXUNm5Dwac/9801umCauUqAJ.dqBjABq",
    "email": "heman@mail.com",
    "firstname": "he",
    "lastname": "man",
    "avatar": "https://cloudflare-ipfs.com/ipfs/Qmd3W5DuhgHirLHGVixi6V76LhCkZUz6pnFt5AJBiyvHye/avatar/762.jpg",
    "createdAt": 1670486414215,
    "id": 51
  },
  {
    "username": "amankumar",
    "password": "$2b$10$JD8BE2AIvIP4G9QgPsuT8eCeYEgLMWRk64vbStEJji4Kpitetg2aO",
    "email": "aman@mail.com",
    "firstname": "aman",
    "lastname": "kumar",
    "avatar": "https://cloudflare-ipfs.com/ipfs/Qmd3W5DuhgHirLHGVixi6V76LhCkZUz6pnFt5AJBiyvHye/avatar/762.jpg",
    "createdAt": 1670498634219,
    "id": 52
  },
  {
    "username": "rakeshkumar",
    "password": "$2b$10$mM/E9fOgGvo5giRGbtodWOddjW45tUr4iJqTxtINhpcPQuoBUj1Yi",
    "email": "rakesh@mail.com",
    "firstname": "Rakesh",
    "lastname": "Kumar",
    "avatar": "https://cloudflare-ipfs.com/ipfs/Qmd3W5DuhgHirLHGVixi6V76LhCkZUz6pnFt5AJBiyvHye/avatar/762.jpg",
    "createdAt": 1670499087003,
    "id": 53
  },
  {
    "username": "ab",
    "password": "$2b$10$P61177pUoeK1hkAa4I47FO6s.2tJCPljHGqWZFFhMWPdb9eOSJNXi",
    "email": "a@mail.com",
    "firstname": "a",
    "lastname": "b",
    "avatar": "https://cloudflare-ipfs.com/ipfs/Qmd3W5DuhgHirLHGVixi6V76LhCkZUz6pnFt5AJBiyvHye/avatar/762.jpg",
    "createdAt": 1670501273378,
    "id": 54
  }
]