{
  "posts": [
    {
      "id": 3,
      "title": "Bernarr",
      "price": 26,
      "description": "Mydriasis"
    },
    {
      "id": 4,
      "title": "Callie",
      "price": 39,
      "description": "Sprain of posterior cruciate ligament of knee"
    },
    {
      "id": 5,
      "title": "Nevile",
      "price": 17,
      "description": "Corrosion of unspecified degree of upper back, subs encntr"
    },
    {
      "id": 6,
      "title": "Shaine",
      "price": 77,
      "description": "Other specified diabetes mellitus with ketoacidosis"
    },
    {
      "id": 7,
      "title": "Moss",
      "price": 61,
      "description": "Contusion of gallbladder"
    },
    {
      "id": 8,
      "title": "Baillie",
      "price": 31,
      "description": "Displaced transverse fx right acetabulum, init for opn fx"
    },
    {
      "id": 9,
      "title": "Emera",
      "price": 57,
      "description": "Corros third deg of unsp site r low limb, ex ank/ft, sqla"
    },
    {
      "id": 10,
      "title": "Thorn",
      "price": 77,
      "description": "Blister (nonthermal), right foot, sequela"
    },
    {
      "id": 11,
      "title": "Rosanne",
      "price": 54,
      "description": "Poisoning by antifung antibiot, sys used, self-harm, sequela"
    },
    {
      "id": 12,
      "title": "Paul",
      "price": 32,
      "description": "Varicos vn of l low extrem w ulc of calf and inflammation"
    },
    {
      "id": 13,
      "title": "Sibyl",
      "price": 9,
      "description": "Triplet pregnancy with two or more monoamniotic fetuses"
    },
    {
      "id": 14,
      "title": "Belle",
      "price": 17,
      "description": "Ring corneal ulcer, right eye"
    },
    {
      "id": 15,
      "title": "Valentin",
      "price": 69,
      "description": "Other chronic nonsuppurative otitis media, right ear"
    },
    {
      "id": 16,
      "title": "Iggie",
      "price": 7,
      "description": "Intentional self-harm by exposure to extremes of cold, init"
    },
    {
      "id": 17,
      "title": "Donielle",
      "price": 10,
      "description": "Atherosclerosis of CABG, unsp, w unstable angina pectoris"
    },
    {
      "id": 18,
      "title": "Carol",
      "price": 32,
      "description": "Sltr-haris Type II physeal fx lower end of unsp tibia"
    },
    {
      "id": 19,
      "title": "Kettie",
      "price": 84,
      "description": "Strain flexor musc/fasc/tend l rng fngr at forarm lv, init"
    },
    {
      "id": 20,
      "title": "Sosanna",
      "price": 19,
      "description": "Unspecified ectropion of unspecified eye, unspecified eyelid"
    },
    {
      "id": 21,
      "title": "Terri",
      "price": 69,
      "description": "Other specified injury of unspecified renal artery"
    },
    {
      "id": 22,
      "title": "Michele",
      "price": 35,
      "description": "Injury of diaphragm"
    },
    {
      "id": 23,
      "title": "Dale",
      "price": 68,
      "description": "Infect/inflm reaction due to oth internal prosth dev/grft"
    },
    {
      "id": 24,
      "title": "Geoffrey",
      "price": 37,
      "description": "Incompetence or weakening of pubocervical tissue"
    },
    {
      "id": 25,
      "title": "Maye",
      "price": 91,
      "description": "Sltr-haris Type II physeal fx phalanx of left toe, sequela"
    },
    {
      "id": 26,
      "title": "Federica",
      "price": 26,
      "description": "Nursemaid's elbow, left elbow"
    },
    {
      "id": 27,
      "title": "Deane",
      "price": 18,
      "description": "Pulmonary alveolar microlithiasis"
    },
    {
      "id": 28,
      "title": "Reece",
      "price": 20,
      "description": "Disp fx of distal phalanx of left thumb, init for clos fx"
    },
    {
      "id": 29,
      "title": "Kimberlyn",
      "price": 62,
      "description": "Sltr-haris Type II physeal fracture of upper end of humerus"
    },
    {
      "id": 30,
      "title": "Garth",
      "price": 96,
      "description": "Postdysenteric arthropathy, unspecified wrist"
    },
    {
      "id": 31,
      "title": "Reginald",
      "price": 86,
      "description": "Dislocation of MTP joint of right great toe, subs"
    },
    {
      "id": 32,
      "title": "Cecile",
      "price": 42,
      "description": "Poisoning by hydantoin derivatives, self-harm, sequela"
    },
    {
      "name": "ankit",
      "price": "78956324646313465463123",
      "id": 33
    }
  ]
}